1840274303,周杰伦微博资讯,男,四川,197,4431785649303839,周杰伦ins更新: Blue ➡️ Pink 济南的朋友今天很high喔 明天继续啰 magic 不爱我就拉倒                周杰伦资讯网官方微博的微博视频

6019586617,汐汐天晴,男,,,4431928146650722,#周杰伦嘉年华世界巡回演唱会# [音乐]#周杰伦 五月天是一辈子#  zjl 周杰伦：“我希望不要只是你的青春而已 我希望我是你的一辈子 希望说可以到老都还在听我的歌 ” “这个人生当中有人加入，有人退出，但是你曾经加入，我也很感谢你。只要有一个歌迷还可以听，我就继续唱下去。” ... 全文

3506372551,MG小象家,男,浙江,198,4432428477693096,你的衣橱我来承包，你的青春我带你看，你的美貌我来维护，你的钱包我来守护。  #小象帮你11实现#   一行李箱的冬装新品，超值现金红包，OMG款TF口红和小象最赞无门槛及新品浮力。关注 @MG小象家 +卷花这条微博你就有机会统统实现。PS：卷花过5W我们就解锁       杰伦哥哥的演唱会门票哦！详情戳图来参 ... 全文

5979234628,热门音乐榜,男,北京,199,4431379473011147,五月天上海演唱会   #周杰伦当五月天演唱会嘉宾#    还记得第一次周杰伦五月天合体吗？阿信+周董演唱完《你不是真正的快乐＋听见下雨的声音》，然后阿信调侃他的“假歌迷”，全部都是周董的真fans，随后台下fans齐声清唱《千里之外》，惊呆周董。之后“周五组合”成立，并演唱了《双节棍》，这些往事都记忆 ... 全文

5561075830,柚又子酱,女,,,4432443223870733,因为11月10号有急事  出一张长沙11.9的演唱会门票 价格私聊 走咸鱼

5135488412,八九LSL,男,山西,199,4431379410452628,大咖打卡

5040760620,老杨yy,男,甘肃,199,4430844984915062,打卡打卡。早早早

5827532270,是你狗哥吖,男,河北,200,4431379305566659,好几天不发帖了，杰伦帅

5700392220,王子异的贴心女友,女,湖北,199,4430812889562337,早上好，给大家曝光一个骗子

3659694192,今日不必忙碌,女,山东,199,4431375878734872,千钧一发之际 我终于抢到票了哈哈哈哈哈哈哈 后天见周董

6297535835,是卢旭杰喲,男,,,4431378604972052,有谁有魔J卡的吗 有的话私我一下 求求了

2254646594,小西喜欢的样子你都有,男,内蒙古,,4431267606575471,20191025更新Instagram视频  jaychou:最近寫的新歌 給你們聽一小段就好😂 電影的男主角們也要剛好是歌手 這真的不容易啊👍🏼👍🏼 #會演會唱 #叱吒風雲   #范逸臣 #  柯有倫      小西喜欢的样子你都有的微博视频

6099968337,全世界最可爱的女生呀,女,广东,199,4431378379099553,Jay以前真的很帅！不过现在也不差，因为那不是胖，是幸福🤟

6182217406,Adonia汪,女,上海,,4430658484991218,我来康康有没有可以换票的，杭州17号周日900的换16号周六的同价位门票🎫         #周杰伦杭州演唱会#   可以面交最好。一张两张均可，能换一张是一张。我的是两张连坐

5888602520,幸好我还爱你,男,山东,,4431377997297652,出26号济南   1400内场，济南交易

2930812823,_甜到掉牙哦,女,,199,4430350081735394,互捞，互捞，互捞！各位兄弟姐妹们互捞攒积分呀

7300145086,_Kiry,男,广东,199,4430385461306250,日常为肥伦攒积分，老铁们互捞起来

6586557732,余淮lan,男,,200,4430587270065985,这几天挺烦的，听周董什么歌比较好啦？？？

5252723681,陆小王SS,男,河北,199,4430475801802642,日常互捞打榜积分

1727709921,因为好奇lee,男,广东,198,4430511571241167,今日份互捞囤积分

2131951643,娜么爱Jay,女,陕西,,4430657801164417,戴耳机听 果然一句是右声道 一句是左声道 宝藏男孩啊

3602489927,微甜少女吖i,女,黑龙江,199,4430547176450543,互捞互捞 每日求积分啦

5653511829,Shine-35,女,江苏,199,4430616965648552,每日一签到！！！想要积分。

5693180944,MyAngle孔杭,男,云南,199,4430617775187501,积分积分积分积分！重要的事说三遍

2745389231,尛尛晓HU,女,,,4430657390041573,有3号vip一区的宝宝吗？

1804071172,s猪年大吉,女,,,4430278703957301,求捞，互捞啊

5800211754,你没有心没有心,女,,195,4427847705349959,#周杰伦杭州演唱会#   求同排～（13座的小伙伴在哪里      ）

6535573008,敷尔佳吧,男,广东,199,4430346403588901,爱杰伦，晚安啦

1773069634,dididududia,女,,199,4429808769781135,香港场的我拉了一个交流群 要进的可以私聊我呀

1761459840,周杰伦地表最强资讯,男,台湾,197,4428504403871310,嘉年华演唱会上海站  歌曲串烧《淘汰》+《夏天的风》+《热带雨林》   #周杰伦上海演唱会#     视频来源:      疯狰的微博视频

5583722287,文玟呀啊,女,湖北,,4430342582450109,咋么来看一下骗子，请疯狂136 4722 7651这个电话，      打电话十几个不接短信不回直接把我删了，

2633950673,饺子汁儿都淌嘴里了,女,北京,199,4430347355791658,晚安

3164992941,她轻轻唱,女,江苏,199,4429264386602870,求两张26号济南的票有吗？

5647062548,CUC潮鞋馆,女,上海,199,4430347611422499,晚安💤

3118051585,捕娱,男,福建,,4419287743212961,你们输入 周杰伦 后面出来的是什么   我的是：周杰伦出新歌了
